 IR64-A009-07-33-05-02_Wildtype,,,,,,,,,,,,,,,,,,,,,,,,,,,,,,,,,,,,,,,,,,,,,,,,,,,,,,,,
OPEN 6.1.4,,,,,,,,,,,,,,,,,,,,,,,,,,,,,,,,,,,,,,,,,,,,,,,,,,,,,,,,
Tue Nov 10 2015 08:07:31,,,,,,,,,,,,,,,,,,,,,,,,,,,,,,,,,,,,,,,,,,,,,,,,,,,,,,,,
Unit=,PSC-3397,,,,,,,,,,,,,,,,,,,,,,,,,,,,,,,,,,,,,,,,,,,,,,,,,,,,,,,
LightSource=,6400-02 or -02B LED Source,1,0.159999996,,,,,,,,,,,,,,,,,,,,,,,,,,,,,,,,,,,,,,,,,,,,,,,,,,,,,
Config=,/User/Configs/UserPrefs/LED2x3.xml,,,,,,,,,,,,,,,,,,,,,,,,,,,,,,,,,,,,,,,,,,,,,,,,,,,,,,,
Remark=,R1,,,,,,,,,,,,,,,,,,,,,,,,,,,,,,,,,,,,,,,,,,,,,,,,,,,,,,,
,,,,,,,,,,,,,,,,,,,,,,,,,,,,,,,,,,,,,,,,,,,,,,,,,,,,,,,,
Obs,HHMMSS,Oxygen%,FTime,EBal?,Photo,Cond,Ci,Trmmol,VpdL,CTleaf,Area,BLC_1,StmRat,BLCond,Tair,Tleaf,TBlk,CO2R,CO2S,H2OR,H2OS,RH_R,RH_S,Flow,PARi,PARo,Press,CsMch,HsMch,StableF,BLCslope,BLCoffst,f_parin,f_parout,alphaK,Status,fda,Trans,Tair_K,Twall_K,R(W/m2),Tl-Ta,SVTleaf,h2o_i,h20diff,CTair,SVTair,CndTotal,vp_kPa,VpdA,CndCO2,Ci_Pa,Ci/Ca,RHsfc,C2sfc,AHs/Cs
in,in,in,in,in,out,out,out,out,out,out,in,out,in,out,in,in,in,in,in,in,in,in,in,in,in,in,in,in,in,in,in,in,in,in,in,in,out,out,out,out,out,out,out,out,out,out,out,out,out,out,out,out,out,out,out,out
Remark=,"""09:02:10 Launched AutoProg /User/Configs/AutoProgs/A-CiCurve""
",,,,,,,,,,,,,,,,,,,,,,,,,,,,,,,,,,,,,,,,,,,,,,,,,,,,,,,
1,09:06:27,21,3764,0,35.17457591,0.633440959,1812.324861,8.044316873,1.441500459,28.40417671,3.3,2.012826172,1,4.025652343,27.26693344,28.40417671,27.00015068,1998.651978,1956.591675,17.65212059,24.13716507,49.15544128,67.21418762,399.4651794,1998.618164,7.151970387,101.2413025,-6.476615429,0.129698664,0.666666687,-0.219565243,2.737391472,1,0,0.159999996,111115,1.210500544,0.008044317,301.5541767,300.4169334,319.7788991,-0.419324533,3.885178489,38.37542972,14.23826465,27.83555508,3.758611945,0.5473196,2.44367803,1.314933915,0.348893511,183.4821294,0.926266264,66.9074849,1944.795903,0.012101231
2,09:10:02,21,3978.5,0,35.63997268,0.589965975,1803.360666,7.852027969,1.496349393,28.60634422,3.3,2.012826172,1,4.025652343,27.30462837,28.60634422,27.00022697,1999.354004,1957.210815,17.71727562,24.04866028,49.22796631,66.81990051,399.415802,1999.30957,9.008568764,101.2412262,-6.55522871,0.135878474,0.666666687,-0.219565243,2.737391472,1,0,0.159999996,111115,1.210350915,0.007852028,301.7563442,300.4546284,319.8895241,-0.361651422,3.931065248,38.82870048,14.7800402,27.9554863,3.785003226,0.514556826,2.434715855,1.350287371,0.32761768,182.5744452,0.921393164,65.7230622,1945.258973,0.012041421
3,09:13:40,21,4197,0,34.04354185,0.558045073,1317.517186,7.715886559,1.543284888,28.82250023,3.3,2.012826172,1,4.025652343,27.34382057,28.82250023,27.00027657,1498.525879,1461.093994,17.8559761,24.07583809,49.49745941,66.73915863,399.5168457,1999.723145,12.14300537,101.2369461,-3.130546093,0.138235956,0.666666687,-0.219565243,2.737391472,1,0,0.159999996,111115,1.210657108,0.007715887,301.9725002,300.4938206,319.955696,-0.327181431,3.980649211,39.32012338,15.24428529,28.0831604,3.813275885,0.490105531,2.437364323,1.375911562,0.311772262,133.3814164,0.901733353,64.83572369,1449.677514,0.015225715
4,09:17:19,21,4415.5,0,33.76556853,0.537904471,1023.656974,7.570645963,1.563665456,28.94486618,3.3,2.012826172,1,4.025652343,27.37018967,28.94486618,26.99820518,1198.185425,1163.021606,18.05286598,24.15528488,49.96369553,66.85295105,399.5080872,1999.466064,9.534478188,101.2322693,-1.220511913,0.138770014,0.666666687,-0.219565243,2.737391472,1,0,0.159999996,111115,1.210630567,0.007570646,302.0948662,300.5201897,319.9145632,-0.281887352,4.00895976,39.60159925,15.44631437,28.15752792,3.829828892,0.474501903,2.445294304,1.384534588,0.301675199,103.6271184,0.880170212,64.46019353,1151.698344,0.018898482
5,09:20:50,21,4626.5,0,33.57507763,0.547064344,833.2343606,7.628317621,1.551855862,29.0259819,3.3,2.012826172,1,4.025652343,27.3956852,29.0259819,26.99908257,999.0767822,965.2547607,18.31102371,24.45915985,50.6007576,67.59053802,399.4336853,1999.014526,10.98150063,101.2286377,-0.307792187,0.141133219,0.666666687,-0.219565243,2.737391472,1,0,0.159999996,111115,1.210405107,0.007628318,302.1759819,300.5456852,319.8423171,-0.310311613,4.027823293,39.78936578,15.33020593,28.21083355,3.841732397,0.481615418,2.475967431,1.365764966,0.306276914,84.34717921,0.863227403,64.95521978,953.9953794,0.022860452
6,09:24:21,21,4838,0,34.04971456,0.594077333,645.0547444,7.99709388,1.513292142,28.99145508,3.3,2.012826172,1,4.025652343,27.41790962,28.99145508,26.99687767,798.6484985,765.4562378,18.31765366,24.76180267,50.55101013,68.3348465,399.384552,1999.315552,9.582299232,101.2241516,0.61097002,0.138085276,1,-0.219565243,2.737391472,1,0,0.159999996,111115,1.210256218,0.007997094,302.1414551,300.5679096,319.8904811,-0.445086932,4.01978461,39.71171451,14.94991183,28.20468235,3.840357148,0.517681548,2.506492468,1.33386468,0.329644657,65.29511925,0.842706235,66.10227327,754.0376873,0.029849483
7,09:27:53,21,5049.5,0,32.46799278,0.704875718,471.2362212,8.843605669,1.443884895,28.95063972,3.3,2.012826172,1,4.025652343,27.43130875,28.95063972,26.99834442,598.9515381,567.9793701,18.2330513,25.35372734,50.27817917,69.91365051,399.4561462,1999.261719,8.606101036,101.2243652,1.294929981,0.135401636,0.666666687,-0.219565243,2.737391472,1,0,0.159999996,111115,1.21047317,0.008843606,302.1006397,300.5813087,319.8818679,-0.76327695,4.010299851,39.61793035,14.26420301,28.19097424,3.837293912,0.599845207,2.566414956,1.270878955,0.383109291,47.70058737,0.829671368,68.33167922,557.091249,0.039824579
8,09:31:24,21,5261.5,0,26.51377522,0.808828202,304.2101957,9.908528682,1.441322248,28.80784988,3.3,2.012826172,1,4.025652343,27.44736099,28.80784988,26.99782944,398.4368591,373.4661255,17.06831169,25.05211258,47.02337265,69.01882172,399.2958679,1999.17334,8.43619442,101.2269592,1.777199268,0.12775889,0.333333343,-0.219565243,2.737391472,1,0,0.159999996,111115,1.209987479,0.009908529,301.9578499,300.597361,319.8677272,-1.154411417,3.977271427,39.29063421,14.23852163,28.12760544,3.82316111,0.673507964,2.535949179,1.287211931,0.431315599,30.79427308,0.814559005,68.82088053,364.5747475,0.05005013
9,09:34:56,21,5473,0,12.89177753,0.913409049,156.2043521,10.9016398,1.434468024,28.83672523,3.3,2.012826172,1,4.025652343,27.46739197,28.83672523,26.9964447,199.4245148,187.0885162,16.40537262,25.18526459,45.14463806,69.30532074,399.4281616,1999.042114,10.28932953,101.2283707,1.859566212,0.124764353,1,-0.219565243,2.737391472,1,0,0.159999996,111115,1.210388369,0.01090164,301.9867252,300.617392,319.8467311,-1.535254588,3.983931323,39.35587718,14.17061259,28.1520586,3.828609377,0.744487057,2.549463299,1.279146078,0.478012131,15.81231205,0.834922181,69.67387491,182.7652667,0.049146105
10,09:38:37,21,5694.5,0,3.662134224,0.95676463,84.98840255,11.63985371,1.475512067,28.81713104,3.3,2.012826172,1,4.025652343,27.48482895,28.81713104,26.99704361,98.39505005,94.46083069,15.35418892,24.73353195,42.21163559,67.99726868,399.4039307,1999.432983,11.68869019,101.234993,1.52667284,0.123816401,1,-0.219565243,2.737391472,1,0,0.159999996,111115,1.210314941,0.011639854,301.967131,300.6348289,319.9092702,-1.813249154,3.979411001,39.30865093,14.57511898,28.15098,3.828368917,0.773038828,2.503898934,1.324469983,0.496864749,8.603800335,0.899721101,69.05045484,93.23273626,0.027122666
11,09:42:09,21,5906,0,-1.26329115,0.934633776,51.4560719,11.57594549,1.495307255,28.89366341,3.3,2.012826172,1,4.025652343,27.49606895,28.89366341,26.99571228,49.50455093,50.06946182,15.38514042,24.71359062,42.26730728,67.89518738,399.3862305,1998.655396,11.11380005,101.2311401,1.330902576,0.126530558,0.666666687,-0.219565243,2.737391472,1,0,0.159999996,111115,1.210261304,0.011575945,302.0436634,300.646069,319.7848561,-1.79648475,3.997092211,39.48480878,14.77121816,28.19486618,3.838163395,0.75852694,2.501784956,1.336378439,0.487277671,5.208956825,1.027693728,68.63213484,50.49310572,-0.01717113
12,09:45:47,21,6124.5,0,-4.062858439,0.95195301,30.70893119,11.5848096,1.474248613,28.869133,3.3,2.012826172,1,4.025652343,27.50269508,28.869133,26.99732971,19.99247551,23.12785912,15.53271866,24.86613083,42.65522003,68.28619385,399.4170837,1999.226074,9.969770432,101.2288132,1.172167301,0.125933558,1,-0.219565243,2.737391472,1,0,0.159999996,111115,1.210354799,0.01158481,302.019133,300.6526951,319.8761647,-1.795929439,3.991417525,39.42965841,14.56352758,28.18591404,3.836163692,0.769894677,2.517168912,1.31899478,0.494786743,3.108628658,1.327789617,69.13613047,24.49033616,-0.114694347
Remark=,"""09:46:15 R2""
",,,,,,,,,,,,,,,,,,,,,,,,,,,,,,,,,,,,,,,,,,,,,,,,,,,,,,,
Remark=,"""10:11:23 Launched AutoProg /User/Configs/AutoProgs/A-CiCurve""
",,,,,,,,,,,,,,,,,,,,,,,,,,,,,,,,,,,,,,,,,,,,,,,,,,,,,,,
13,10:14:56,21,7872.5,0,35.27386835,0.194277552,1612.799193,3.325559189,1.756053272,29.79561615,3.3,2.012826172,1,4.025652343,27.51633263,29.79561615,26.99512482,2000.880615,1966.344727,21.57574081,24.2558918,59.18471146,66.5366745,399.5354309,1998.75769,10.20989704,101.1974945,-5.794995785,0.198092371,0.666666687,-0.219565243,2.737391472,1,0,0.159999996,111115,1.210713427,0.003325559,302.9456161,300.6663326,319.8012233,1.265960759,4.210688749,41.60862648,17.35273468,28.65597439,3.942401999,0.185333382,2.454635477,1.487766522,0.116605054,163.2112375,0.820201652,58.86053113,1954.515657,0.010622778
14,10:18:46,21,8103.5,0,35.26347924,0.141471688,1507.183079,2.489037487,1.781365127,30.02805519,3.3,2.012826172,1,4.025652343,27.54194069,30.02805519,26.99543381,2001.570435,1968.393799,22.56203842,24.56760025,61.79200745,67.28475952,399.4905396,1998.856689,9.488665581,101.1883545,-5.810742855,0.205366999,0.666666687,-0.219565243,2.737391472,1,0,0.159999996,111115,1.210577393,0.002489037,303.1780552,300.6919407,319.8170632,1.563735887,4.26732017,42.17204827,17.60444802,28.78499794,3.972007671,0.136668798,2.485955043,1.486052628,0.085836903,152.5093757,0.765691845,58.28068123,1956.568213,0.010504002
15,10:22:18,21,8314.5,0,33.68645974,0.188536521,1132.249102,3.322404557,1.805298112,29.84692192,3.3,2.012826172,1,4.025652343,27.51238441,29.84692192,26.99373055,1499.571289,1467.713867,21.21666145,23.89577293,58.20454025,65.55426025,399.4586792,2000.429077,10.03083324,101.1825027,-2.487500668,0.204779536,1,-0.219565243,2.737391472,1,0,0.159999996,111115,1.210480846,0.003322405,302.9969219,300.6623844,320.0686452,1.263689087,4.223132223,41.73777193,17.841999,28.67965317,3.947820855,0.180101678,2.417834111,1.529986744,0.113292149,114.5637979,0.771437217,57.77907308,1456.417134,0.013364114
16,10:25:49,21,8526,0,32.03842203,0.250215417,923.8291476,4.09370778,1.700695534,29.59654045,3.3,2.012826172,1,4.025652343,27.46476746,29.59654045,26.99393272,1198.856201,1168.444092,21.03433418,24.33317375,57.86351013,66.93830872,399.5499878,2000.296387,11.16888046,101.1792526,-0.857861996,0.191576868,1,-0.219565243,2.737391472,1,0,0.159999996,111115,1.210757539,0.004093708,302.7465405,300.6147675,320.0474147,0.990261056,4.162707868,41.14191161,16.80873786,28.53065395,3.913830474,0.2355733,2.462012334,1.45181814,0.148482341,93.4723427,0.790648996,60.23341411,1157.700027,0.016669115
17,10:29:20,21,8736.5,0,31.36550925,0.349482153,791.5664717,5.168674236,1.572917633,29.33047295,3.3,2.012826172,1,4.025652343,27.43909264,29.33047295,26.99497795,998.2504272,968.2070313,20.80869675,24.97167206,57.32418442,68.79242706,399.4905396,2000.209473,11.71429157,101.1709442,-0.004346371,0.181364924,0.333333343,-0.219565243,2.737391472,1,0,0.159999996,111115,1.210577393,0.005168674,302.4804729,300.5890926,320.0335085,0.60449205,4.099325273,40.51880019,15.54712813,28.38478279,3.880801234,0.321565805,2.526407641,1.354393593,0.203313199,80.08352735,0.817559103,63.49960355,957.6886273,0.02079692
18,10:32:57,21,8953.5,0,31.8336013,0.462901042,630.1143007,6.536485419,1.540705403,29.23032379,3.3,2.012826172,1,4.025652343,27.45927048,29.23032379,26.99534988,798.7879639,768.3325195,19.79245377,25.05846786,54.45579529,68.9444046,399.3510132,1999.435913,10.12433529,101.1626587,0.944017887,0.168307215,0.666666687,-0.219565243,2.737391472,1,0,0.159999996,111115,1.210154585,0.006536485,302.3803238,300.6092705,319.9097389,0.093046483,4.075686635,40.28844919,15.22998132,28.34479713,3.87178995,0.415162415,2.534981232,1.336808718,0.263381089,63.74403794,0.820106249,64.95100354,757.6571412,0.02728971
19,10:36:29,21,9166.5,0,30.06738971,0.595778595,466.7759705,8.07990487,1.523742719,29.11528206,3.3,2.012826172,1,4.025652343,27.47630692,29.11528206,26.99472237,599.0883789,570.4355469,18.45088959,24.96059418,50.71123123,68.60279083,399.3751831,1998.934814,9.151550293,101.1569214,1.480944157,0.160286814,1,-0.219565243,2.737391472,1,0,0.159999996,111115,1.210227828,0.008079905,302.2652821,300.6263069,319.8295632,-0.484056814,4.048679582,40.02375247,15.06315829,28.29579449,3.860771465,0.518972917,2.524936863,1.335834602,0.33048249,47.21762015,0.81827995,66.11530756,560.3524665,0.035476148
20,10:40:02,21,9379,0,24.53324592,0.724679969,305.1733457,9.247438168,1.473341252,29.08847809,3.3,2.012826172,1,4.025652343,27.49768829,29.08847809,26.99507904,398.8475342,375.7109375,17.95318604,25.39831161,49.27880478,69.71456146,399.4758301,1998.740356,9.474891663,101.1511459,1.886309147,0.149174601,1,-0.219565243,2.737391472,1,0,0.159999996,111115,1.210532818,0.009247438,302.2384781,300.6476883,319.7984499,-0.925744739,4.042409576,39.96405121,14.5657396,28.29308319,3.860162616,0.614127481,2.569068325,1.291094291,0.39243562,30.86863362,0.812255687,68.06950346,367.4837288,0.04544326
21,10:43:34,21,9591.5,0,11.82952572,0.866759585,157.8084471,10.85780475,1.490179277,28.97164917,3.3,2.012826172,1,4.025652343,27.51356888,28.97164917,26.99522018,199.234314,187.7727509,16.21260262,24.9621048,44.46079636,68.45508575,399.2952271,1998.699097,8.789899826,101.1533432,1.927782536,0.146298319,0.666666687,-0.219565243,2.737391472,1,0,0.159999996,111115,1.209985537,0.010857805,302.1216492,300.6635689,319.7918483,-1.52796243,4.015179631,39.69398839,14.73188359,28.24260902,3.848843417,0.713200934,2.525000354,1.323843064,0.457399325,15.96285201,0.840422513,68.44133405,183.8057268,0.044048057
22,10:47:10,21,9807,0,3.661826575,0.953526256,86.29058275,11.65139566,1.479432892,28.89423752,3.3,2.012826172,1,4.025652343,27.52217293,28.89423752,26.99525833,99.77039337,95.82253265,15.50598526,24.89282417,42.49822235,68.22531891,399.4154663,1999.967773,8.64706707,101.1453018,1.631662846,0.14495936,0.666666687,-0.219565243,2.737391472,1,0,0.159999996,111115,1.210349898,0.011651396,302.0442375,300.6721729,319.9948366,-1.820921224,3.997225106,39.519632,14.62680782,28.20820522,3.841144719,0.770923382,2.517792214,1.323352504,0.495466574,8.727887037,0.900524964,69.08050425,94.5945414,0.026741588
23,10:50:44,21,10021,0,-1.226063817,0.991955061,50.97711551,11.78648195,1.449637678,28.82757378,3.3,2.012826172,1,4.025652343,27.51995277,28.82757378,26.9942112,49.21308136,49.74164963,15.54263306,25.03642654,42.6019249,68.62415314,399.4355774,2000.112671,11.03997993,101.1399078,1.426996708,0.138365656,1,-0.219565243,2.737391472,1,0,0.159999996,111115,1.210410841,0.011786482,301.9775738,300.6699528,320.0180202,-1.865864506,3.981819552,39.36942041,14.33299386,28.17376328,3.833450943,0.79585067,2.532181873,1.30126907,0.511955751,5.155820764,1.024837654,69.81903118,50.15280936,-0.017068353
24,10:54:15,21,10232,0,-4.110323812,1.020305312,29.30459724,11.86373255,1.426573784,28.76882172,3.3,2.012826172,1,4.025652343,27.50605202,28.76882172,26.99608612,18.8617363,22.0414238,15.57694149,25.13177109,42.72879028,68.93844604,399.446167,2000.54126,11.4532814,101.1353912,1.234446049,0.135987192,1,-0.219565243,2.737391472,1,0,0.159999996,111115,1.21044293,0.011863733,301.9188217,300.656052,320.0865944,-1.890291843,3.968285286,39.23735536,14.10558428,28.13743687,3.82535078,0.813997015,2.541711501,1.283639278,0.523978411,2.963731907,1.329523787,70.36591842,23.41981832,-0.123496564
,,,,,,,,,,,,,,,,,,,,,,,,,,,,,,,,,,,,,,,,,,,,,,,,,,,,,,,,
IR64-A009-07-33-05-04_Wildtype,,,,,,,,,,,,,,,,,,,,,,,,,,,,,,,,,,,,,,,,,,,,,,,,,,,,,,,,
OPEN 6.3,,,,,,,,,,,,,,,,,,,,,,,,,,,,,,,,,,,,,,,,,,,,,,,,,,,,,,,,
Tue Nov 10 2015 08:14:52,,,,,,,,,,,,,,,,,,,,,,,,,,,,,,,,,,,,,,,,,,,,,,,,,,,,,,,,
Unit=,PSC-1550,,,,,,,,,,,,,,,,,,,,,,,,,,,,,,,,,,,,,,,,,,,,,,,,,,,,,,,
LightSource=,6400-02 or -02B LED Source,1,0.159999996,,,,,,,,,,,,,,,,,,,,,,,,,,,,,,,,,,,,,,,,,,,,,,,,,,,,,
A/D AvgTime=,4,,,,,,,,,,,,,,,,,,,,,,,,,,,,,,,,,,,,,,,,,,,,,,,,,,,,,,,
Config=,/User/Configs/UserPrefs/LED2x3.xml,,,,,,,,,,,,,,,,,,,,,,,,,,,,,,,,,,,,,,,,,,,,,,,,,,,,,,,
Remark=,R1,,,,,,,,,,,,,,,,,,,,,,,,,,,,,,,,,,,,,,,,,,,,,,,,,,,,,,,
,,,,,,,,,,,,,,,,,,,,,,,,,,,,,,,,,,,,,,,,,,,,,,,,,,,,,,,,
Obs,HHMMSS,Oxygen%,FTime,EBal?,Photo,Cond,Ci,Trmmol,VpdL,CTleaf,Area,BLC_1,StmRat,BLCond,Tair,Tleaf,TBlk,CO2R,CO2S,H2OR,H2OS,RH_R,RH_S,Flow,PARi,PARo,Press,CsMch,HsMch,StableF,BLCslope,BLCoffst,f_parin,f_parout,alphaK,Status,fda,Trans,Tair_K,Twall_K,R(W/m2),Tl-Ta,SVTleaf,h2o_i,h20diff,CTair,SVTair,CndTotal,vp_kPa,VpdA,CndCO2,Ci_Pa,Ci/Ca,RHsfc,C2sfc,AHs/Cs
in,in,in,in,in,out,out,out,out,out,out,in,out,in,out,in,in,in,in,in,in,in,in,in,in,in,in,in,in,in,in,in,in,in,in,in,in,out,out,out,out,out,out,out,out,out,out,out,out,out,out,out,out,out,out,out,out
Remark=,"""09:06:35 Launched AutoProg /User/Configs/AutoProgs/A-CiCurve2""
",,,,,,,,,,,,,,,,,,,,,,,,,,,,,,,,,,,,,,,,,,,,,,,,,,,,,,,
1,09:12:00,21,3511.5,0,36.34364115,0.129237737,1450.073846,2.696596955,2.065618295,30.9232254,3.599999905,5,1,10,27.36087227,30.9232254,27.03607178,1999.99585,1962.593262,21.61011696,23.97445869,59.81709671,66.35930634,400.7462463,1998.961304,10.04562378,101.1930695,-3.112459898,-0.016698563,1,0,5,1,0,0.159999996,111115,1.113184047,0.002696597,304.0732254,300.5108723,319.8338014,0.588995766,4.491667359,44.3871046,20.41264591,29.14204884,4.054949348,0.127588808,2.426049064,1.628900284,0.07988953,146.7374235,0.73885602,52.99220522,1957.68687,0.009837782
2,09:15:04,21,3695.499996,0,35.57090568,0.157626052,1539.669071,3.158917851,1.98896128,30.8633213,3.599999905,5,1,10,27.39313889,30.8633213,27.03289413,2000.03894,1962.515015,21.81362724,24.58164978,60.2632637,67.90666199,400.7394714,1999.290771,10.55046844,101.1884308,-3.112459898,-0.016698563,1,0,5,1,0,0.159999996,111115,1.113165228,0.003158918,304.0133213,300.5431389,319.8865163,0.517543114,4.476339847,44.23766445,19.65601467,29.12823009,4.051711434,0.155180011,2.487378567,1.564332866,0.097204342,155.7966972,0.784538747,54.69791992,1957.712942,0.009938406
3,09:18:20,21,3913.000004,0,34.25642556,0.249820574,1199.919134,4.529384131,1.81606216,30.45726776,3.599999905,5,1,10,27.41533661,30.45726776,27.03233337,1500.198608,1463.46814,21.30869484,25.27497482,58.79443741,69.73809814,400.7194214,1999.350952,11.61442947,101.1901169,-1.858156919,-0.048995219,1,0,5,1,0,0.159999996,111115,1.113109533,0.004529384,303.6072678,300.5653366,319.8961452,0.312248534,4.373639816,43.22200577,17.94703095,28.93630219,4.006972698,0.243731655,2.557577657,1.449395042,0.152867879,121.4199574,0.819914763,58.05250451,1458.843522,0.013631834
4,09:21:43,21,4116.000004,0,33.73120025,0.366037803,981.2378944,6.166397472,1.707106245,30.07683372,3.599999905,5,1,10,27.446455,30.07683372,27.03184891,1199.85376,1163.10791,20.02267647,25.42147827,55.14080429,70.00865936,400.7314758,1999.904297,11.21958637,101.1814575,-1.039480209,-0.064075768,1,0,5,1,0,0.159999996,111115,1.113143018,0.006166397,303.2268337,300.596455,319.9846803,0.062647771,4.279288469,42.2932084,16.87173013,28.76164436,3.966634647,0.353112549,2.572182224,1.394452423,0.221821307,99.28308033,0.843634443,60.16774055,1158.554198,0.017517783
5,09:25:06,21,4319.000004,0,33.11674227,0.51815197,832.639003,8.20403774,1.629476922,29.54125977,3.599999905,5,1,10,27.45779037,29.54125977,27.03224373,1000.043213,963.1934204,17.71947479,24.90611649,48.76473999,68.54267883,400.7288208,1999.234131,9.931653023,101.1796494,-0.539690793,-0.078155145,1,0,5,1,0,0.159999996,111115,1.113135643,0.008204038,302.6912598,300.6077904,319.8774538,-0.24749435,4.149469055,41.01090567,16.10478918,28.49952507,3.906761535,0.492626434,2.519992133,1.386769403,0.310087407,84.24612237,0.864456697,61.39254841,958.7226602,0.021206563
6,09:28:34,21,4527.000004,0,33.17332882,0.602707934,653.4328428,9.171903326,1.579080314,29.33135033,3.599999905,5,1,10,27.47242165,29.33135033,27.03050804,800.2927856,764.1915283,16.87632751,24.91139984,46.40324402,68.496521,400.6971436,1999.23291,7.772943497,101.1766739,-0.120614253,-0.086138733,1,0,5,1,0,0.159999996,111115,1.11304765,0.009171903,302.4813503,300.6224216,319.8772585,-0.396278666,4.099532892,40.51855763,15.60715779,28.40188599,3.884661242,0.568447172,2.520452578,1.364208664,0.358206541,66.11216164,0.855064233,62.44233506,759.7131289,0.02726582
7,09:31:57,21,4730.000004,0,31.51763631,0.640312118,470.8028979,9.514943979,1.547733055,29.18751144,3.599999905,5,1,10,27.49251747,29.18751144,27.02970123,600.0506592,566.8887939,16.549757,24.88538933,45.4529686,68.34630585,400.7059937,1999.48645,11.25557041,101.1792374,0.406653196,-0.089042768,1,0,5,1,0,0.159999996,111115,1.113072234,0.009514944,302.3375114,300.6425175,319.9178249,-0.445160574,4.065617769,40.18233261,15.29694328,28.34001446,3.870713335,0.60177945,2.517884714,1.352828621,0.379394136,47.63547816,0.830503095,63.01893868,562.633913,0.03530196
8,09:35:20,21,4933.000004,0,25.6231562,0.656738348,299.5055404,9.559336136,1.51830277,29.17291641,3.599999905,5,1,10,27.510849,29.17291641,27.03038788,399.9515686,373.7214661,16.76875877,25.14117432,46.00728989,68.97810364,400.7016907,1998.770508,10.82992172,101.1841125,0.714233756,-0.093980134,1,0,5,1,0,0.159999996,111115,1.113060281,0.009559336,302.3229164,300.660849,319.8032741,-0.451424953,4.062190182,40.14652181,15.0053475,28.34188271,3.87113386,0.616265809,2.543887412,1.327246448,0.388608746,30.30520231,0.8014138,63.74337026,370.26234,0.044112138
9,09:38:43,21,5136.000004,0,12.6514232,0.730474261,153.3857471,10.45763319,1.504182796,29.01300049,3.599999905,5,1,10,27.52554893,29.01300049,27.02828598,200.0951996,186.9720612,15.74864864,24.91008186,43.17325592,68.2883606,400.6979675,2000.009644,12.91069889,101.1886063,0.972745895,-0.10630323,1,0,5,1,0,0.159999996,111115,1.113049939,0.010457633,302.1630005,300.6755489,320.0015358,-0.590331489,4.024799262,39.77522184,14.86513998,28.26927471,3.854819778,0.680747414,2.520616466,1.334203313,0.429671792,15.52088997,0.820367204,64.00717984,185.264119,0.043709593
10,09:42:06,21,5339.000004,0,4.047571874,0.825096406,84.72096558,11.37542787,1.461577976,28.83711243,3.599999905,5,1,10,27.53994942,28.83711243,27.0292263,99.8596344,95.2496109,14.96332932,24.92881966,40.98471069,68.2802887,400.6894226,1999.446777,12.32368088,101.1858063,0.922026038,-0.112953581,1,0,5,1,0,0.159999996,111115,1.113026203,0.011375428,301.9871124,300.6899494,319.9114772,-0.732852098,3.984020692,39.37331567,14.44449602,28.18853092,3.836748149,0.762206982,2.522442716,1.314305433,0.481656745,8.572559211,0.88946259,64.9844416,94.7031887,0.027774059
11,09:45:28,21,5541.000004,0,-0.879640312,0.878631732,50.611263,11.87984692,1.440786112,28.69392204,3.599999905,5,1,10,27.55335426,28.69392204,27.02762604,49.80376053,50.05976486,14.40044689,24.80916977,39.41154099,67.89842224,400.6872253,1998.679565,10.83854198,101.184494,0.796290576,-0.114117444,1,0,5,1,0,0.159999996,111115,1.1130201,0.011879847,301.843922,300.7033543,319.7887233,-0.809194966,3.951089402,39.04836844,14.23919867,28.12363815,3.82227782,0.807667503,2.51030329,1.31197453,0.510721782,5.121075038,1.011016794,65.3741002,50.1785163,-0.011460222
12,09:48:51,21,5744.000004,0,-3.939094175,0.848716122,30.58537599,11.67508302,1.461809082,28.76841736,3.599999905,5,1,10,27.57889175,28.76841736,27.0291481,19.96034813,23.25531006,14.54007244,24.76917267,39.73629761,67.69121552,400.7120972,1999.023071,13.46381092,101.189621,0.797249973,-0.115248784,1,0,5,1,0,0.159999996,111115,1.113089188,0.011675083,301.9184174,300.7288918,319.8436843,-0.777549215,3.968192276,39.21540804,14.44623538,28.17365456,3.833426678,0.782319412,2.506383194,1.327043484,0.494510823,3.094922603,1.315199664,64.92151835,23.78708777,-0.107508736
,,,,,,,,,,,,,,,,,,,,,,,,,,,,,,,,,,,,,,,,,,,,,,,,,,,,,,,,
Remark=,R2,,,,,,,,,,,,,,,,,,,,,,,,,,,,,,,,,,,,,,,,,,,,,,,,,,,,,,,
Remark=,"""10:05:03 Launched AutoProg /User/Configs/AutoProgs/A-CiCurve2""
",,,,,,,,,,,,,,,,,,,,,,,,,,,,,,,,,,,,,,,,,,,,,,,,,,,,,,,
13,10:08:11,21,6882.500001,0,35.86373633,0.259288345,1693.10457,3.632344598,1.407538736,28.6202755,3.599999905,5,1,10,27.55952454,28.6202755,27.02587128,1999.804199,1961.18689,21.79432678,24.97590637,59.61485291,68.30952454,400.7394409,2000.912964,6.48490715,101.1657333,-2.662778139,-0.01918751,1,0,5,1,0,0.159999996,111115,1.113165143,0.003632345,301.7702755,300.7095245,320.1460671,0.54851657,3.93424462,38.88910296,13.91319659,28.08990002,3.814773438,0.252735215,2.526705884,1.288067554,0.15853548,171.2841654,0.863306082,63.97731157,1956.345285,0.011728326
14,10:11:24,21,7075.499996,0,35.87815847,0.342959373,1744.674053,4.730092562,1.397693354,28.40344048,3.599999905,5,1,10,27.50264168,28.40344048,27.03012848,1999.598145,1959.036133,20.44086647,24.58632278,56.10018539,67.47808075,400.6716614,2000.489014,7.146100998,101.1667709,-2.662778139,-0.01918751,1,0,5,1,0,0.159999996,111115,1.112976867,0.004730093,301.5534405,300.6526417,320.078235,0.375291105,3.88501224,38.40205834,13.81573556,27.95304108,3.784463537,0.331587276,2.487318885,1.297144651,0.208234612,176.5030403,0.890577782,64.08528206,1954.192581,0.01176579
15,10:14:26,21,7279.000004,0,35.756346,0.40136168,1282.936159,5.367768505,1.362385227,28.48177147,3.599999905,5,1,10,27.52770996,28.48177147,27.02904701,1499.908325,1460.738647,20.41074371,25.11227417,55.93083572,68.81427002,400.6928711,1999.05127,10.5448637,101.1596832,-1.661575794,-0.047458231,1,0,5,1,0,0.159999996,111115,1.113035783,0.005367769,301.6317715,300.67771,319.848196,0.267461563,3.902734927,38.57994413,13.46766996,28.00474072,3.795888576,0.38587417,2.5403497,1.255538876,0.242516581,129.7814155,0.878279055,65.33459509,1455.911541,0.016045799
16,10:18:01,21,7494.000004,0,35.9429594,0.462602646,1008.042764,6.217398676,1.376937343,28.55390739,3.599999905,5,1,10,27.55586243,28.55390739,27.02943802,1200.315186,1161.533936,19.68686104,25.13248444,53.85391617,68.75056458,400.6906433,1998.860718,9.481566429,101.1511993,-0.860904396,-0.054983009,1,0,5,1,0,0.159999996,111115,1.113029594,0.006217399,301.7039074,300.7058624,319.8177077,0.126017536,3.919118286,38.74514896,13.61266453,28.05488491,3.806998616,0.442148729,2.542180943,1.264817673,0.278110595,101.9647346,0.867854768,65.31167986,1156.681636,0.020295084
17,10:21:24,21,7697.000004,0,35.25891066,0.49087227,823.2422362,6.451743833,1.350220942,28.44211769,3.599999905,5,1,10,27.51870537,28.44211769,27.02621269,999.8251343,962.5657959,19.49722862,25.14823532,53.44616699,68.93681335,400.6751099,2000.912109,11.66863155,101.1416245,-0.379346162,-0.063037649,1,0,5,1,0,0.159999996,111115,1.112986446,0.006451744,301.5921177,300.6687054,320.1459303,0.092099703,3.893754314,38.49804011,13.34980478,27.98041153,3.790508356,0.467904153,2.543533372,1.246974984,0.294420403,83.26405708,0.855258144,65.85949071,957.805843,0.024244307
18,10:24:47,21,7900.000004,0,34.21545772,0.560845846,647.4343135,7.042428966,1.298827644,28.23743629,3.599999905,5,1,10,27.45952797,28.23743629,27.02803421,800.1781616,764.5985107,19.03295517,25.20093727,52.35435104,69.320755,400.6793518,2001.082642,11.4888525,101.1413727,-0.014606172,-0.070010535,1,0,5,1,0,0.159999996,111115,1.112998229,0.007042429,301.3874363,300.609528,320.1732155,0.001713456,3.847685032,38.042642,12.84170473,27.84848213,3.761448847,0.531061483,2.548857388,1.212591458,0.334466749,65.48239519,0.846763765,66.99282943,759.979424,0.030161216
19,10:28:17,21,8110.000004,0,31.74409522,0.661905212,475.0846298,8.265221554,1.304269576,28.08805466,3.599999905,5,1,10,27.42194557,28.08805466,27.02882767,599.9053955,567.1692505,17.57854652,24.82098579,48.45371628,68.41686249,400.6419983,2000.47229,10.8115387,101.1278839,0.430742949,-0.082470387,1,0,5,1,0,0.159999996,111115,1.112894469,0.008265222,301.2380547,300.5719456,320.0755593,-0.194364329,3.814363346,37.71821577,12.89722997,27.75500011,3.740975818,0.620813259,2.51009377,1.230882048,0.391502127,48.04430329,0.837641726,66.89393542,562.8837976,0.037725148
20,10:32:08,21,8341.000004,0,25.88752487,0.773953698,308.7821288,9.873347499,1.34664112,28.11309052,3.599999905,5,1,10,27.4377594,28.11309052,27.02935791,399.8397217,373.268219,15.80360031,24.45790482,43.51939392,67.3513031,400.6643982,1998.789551,11.9075861,101.1243286,0.802265465,-0.094571464,1,0,5,1,0,0.159999996,111115,1.112956691,0.009873347,301.2630905,300.5877594,319.806321,-0.45962315,3.819930324,37.77459268,13.31668787,27.77542496,3.74544064,0.71835625,2.473289204,1.272151436,0.45365729,31.22538546,0.827239269,66.22855427,369.7734031,0.046366054
21,10:35:31,21,8544.000004,0,12.71626092,0.832275127,157.0179143,10.38268281,1.323692329,28.15109062,3.599999905,5,1,10,27.45109177,28.15109062,27.02961731,200.0513153,186.8830414,15.67202377,24.76931953,43.12202454,68.15349579,400.6887207,1999.431641,11.01643944,101.1211166,0.998716295,-0.103147663,1,0,5,1,0,0.159999996,111115,1.113024254,0.010382683,301.3010906,300.6010918,319.9090553,-0.543885737,3.828393579,37.85948678,13.09016725,27.80109119,3.75105781,0.768329014,2.50470125,1.24635656,0.485568608,15.87782682,0.840193487,67.04904936,185.1663462,0.046045797
22,10:38:54,21,8747.000004,0,3.956427173,0.888120255,85.7923628,10.84974987,1.302599507,28.18646622,3.599999905,5,1,10,27.46717262,28.18646622,27.02945518,99.85160828,95.36727905,15.55402374,25.05780602,42.75394058,68.87734985,400.6864014,1998.607178,10.51795864,101.1137009,0.945070982,-0.112476505,1,0,5,1,0,0.159999996,111115,1.113017811,0.01084975,301.3364662,300.6171726,319.7771413,-0.621850072,3.836287009,37.94032833,12.88252231,27.82681942,3.756695923,0.81567822,2.533687502,1.223008421,0.515847391,8.674783309,0.899599565,67.80066769,94.83316138,0.02828635
23,10:42:17,21,8950.000004,0,-0.792396147,0.936552595,50.68887172,11.2286385,1.283840766,28.22940445,3.599999905,5,1,10,27.48364449,28.22940445,27.0296402,50.06784821,50.27261353,15.50467968,25.33770943,42.57818222,69.5811615,400.678833,1999.088257,11.67566013,101.1159363,0.868606925,-0.115543902,1,0,5,1,0,0.159999996,111115,1.112996788,0.011228639,301.3794044,300.6336445,319.8541139,-0.684880856,3.845886978,38.03442978,12.69672035,27.85652447,3.763214717,0.856350836,2.562046212,1.201168505,0.541889961,5.125452723,1.008280019,68.47769121,50.37958701,-0.010770525
24,10:45:40,21,9153.000004,0,-3.660424343,0.856426222,29.75676078,10.98535916,1.363679898,28.3001709,3.599999905,5,1,10,27.49716377,28.3001709,27.02865219,19.93599129,22.99781609,15.08106804,24.70732307,41.37833023,67.79014587,400.6769409,1998.811646,10.5011425,101.1066437,0.842263222,-0.099948943,1,0,5,1,0,0.159999996,111115,1.112991532,0.010985359,301.4501709,300.6471638,319.8098561,-0.647629611,3.861754409,38.19486305,13.48753998,27.89866734,3.772479932,0.788865696,2.49807451,1.274405422,0.498696247,3.008606209,1.293895067,66.41701101,23.49197337,-0.103488302
,,,,,,,,,,,,,,,,,,,,,,,,,,,,,,,,,,,,,,,,,,,,,,,,,,,,,,,,
,,,,,,,,,,,,,,,,,,,,,,,,,,,,,,,,,,,,,,,,,,,,,,,,,,,,,,,,
 IR64-A009-07-33-05-06_Wildtype,,,,,,,,,,,,,,,,,,,,,,,,,,,,,,,,,,,,,,,,,,,,,,,,,,,,,,,,
OPEN 5.3.2,,,,,,,,,,,,,,,,,,,,,,,,,,,,,,,,,,,,,,,,,,,,,,,,,,,,,,,,
Wed Nov 11 2015 08:18:15,,,,,,,,,,,,,,,,,,,,,,,,,,,,,,,,,,,,,,,,,,,,,,,,,,,,,,,,
Unit=,PSC-2134,,,,,,,,,,,,,,,,,,,,,,,,,,,,,,,,,,,,,,,,,,,,,,,,,,,,,,,
ComputeList=,/User/Configs/Comps/Default,,,,,,,,,,,,,,,,,,,,,,,,,,,,,,,,,,,,,,,,,,,,,,,,,,,,,,,
BLCTable=,/Sys/Lib/StdBLCTable,,,,,,,,,,,,,,,,,,,,,,,,,,,,,,,,,,,,,,,,,,,,,,,,,,,,,,,
LightSource=,6400-02B RedBlue #SI-2302,1,0.16,,,,,,,,,,,,,,,,,,,,,,,,,,,,,,,,,,,,,,,,,,,,,,,,,,,,,
LogFormat=,/User/Configs/LogFormats/Std Output,,,,,,,,,,,,,,,,,,,,,,,,,,,,,,,,,,,,,,,,,,,,,,,,,,,,,,,
LogCodes=,-35,-21,-36,30,23,36,21,-109,-52,-33,-34,-32,-9,-10,-8,-1,-2,-4,-5,-14,-15,-7,-12,-13,-11,-65,-66,-72,-74,-23,,,,,,,,,,,,,,,,,,,,,,,,,,
PromptList=,/User/Configs/Prompts/Default (none),,,,,,,,,,,,,,,,,,,,,,,,,,,,,,,,,,,,,,,,,,,,,,,,,,,,,,,
Stability= (CO2S 15s SLP<1)(H2OS 15s SLP<1)(Flow 15s SLP<1),,,,,,,,,,,,,,,,,,,,,,,,,,,,,,,,,,,,,,,,,,,,,,,,,,,,,,,,
08:18:18 R1,,,,,,,,,,,,,,,,,,,,,,,,,,,,,,,,,,,,,,,,,,,,,,,,,,,,,,,,
$STARTOFDATA$,,,,,,,,,,,,,,,,,,,,,,,,,,,,,,,,,,,,,,,,,,,,,,,,,,,,,,,,
Obs,HHMMSS,FTime,Photo,Cond,Ci,Trmmol,VpdL,Oxygen%,Area,StmRat,BLCond,Tair,Tleaf,TBlk,CO2R,CO2S,H2OR,H2OS,RH_R,RH_S,Flow,PARi,PARo,Press,CsMch,HsMch,StableF,TotalCV,Status,,,,,,,,,,,,,,,,,,,,,,,,,,,
1,08:51:07,2037,40.5,0.755,1.80E+03,7.98,1.26,21,4.5,1,3.5,27.92,28.25,27.95,1999.39,1936.41,16.871,25.615,45.21,68.64,400,1999,11,101.2,-19.2,0.21,1,0,111115,,,,,,,,,,,,,,,,,,,,,,,,,,,
2,08:54:38,2248,41.1,0.686,1.79E+03,7.81,1.34,21,4.5,1,3.5,27.99,28.48,27.95,1999.79,1936.58,16.789,25.356,44.82,67.69,400,1999,11,101.2,-19.1,0.219,0.7,0,111115,,,,,,,,,,,,,,,,,,,,,,,,,,,
3,08:58:23,2473,40.4,0.598,1.29E+03,7.43,1.43,21,4.5,1,3.5,28.05,28.75,27.95,1498.9,1441.4,16.935,25.086,45.04,66.72,400,1998,9,101.2,-11,0.201,1,0.1,111115,,,,,,,,,,,,,,,,,,,,,,,,,,,
4,09:01:53,2683,41,0.505,972,6.92,1.54,21,4.5,1,3.5,28.09,29.05,27.95,1199.64,1144.56,17.071,24.664,45.29,65.44,400,2000,11,101.2,-7.1,0.196,1,0.1,111115,,,,,,,,,,,,,,,,,,,,,,,,,,,
5,09:05:24,2894,40.5,0.447,764,6.48,1.6,21,4.5,1,3.5,28.13,29.33,27.95,998.77,946.36,17.568,24.677,46.52,65.34,400,2000,10,101.2,-4.58,0.179,1,0.1,111115,,,,,,,,,,,,,,,,,,,,,,,,,,,
6,09:08:55,3105,39.2,0.476,585,6.7,1.57,21,4.5,1,3.5,28.16,29.44,27.95,799.14,749.35,17.939,25.289,47.42,66.86,400,1999,10,101.2,-2.46,0.162,1,0.1,111115,,,,,,,,,,,,,,,,,,,,,,,,,,,
7,09:12:26,3316,36.5,0.611,433,7.63,1.43,21,4.5,1,3.5,28.18,29.33,27.95,599.37,553.6,17.97,26.327,47.45,69.52,400,1999,10,101.2,-0.704,0.133,1,0.1,111115,,,,,,,,,,,,,,,,,,,,,,,,,,,
8,09:16:05,3535,30,0.892,289,9.96,1.37,21,4.5,1,3.5,28.19,28.89,27.94,399.21,361.37,14.995,25.911,39.57,68.37,400,1999,11,101.2,0.779,0.0928,0.7,0.1,111115,,,,,,,,,,,,,,,,,,,,,,,,,,,
9,09:19:36,3746,15.3,1.1,149,11.7,1.38,21,4.5,1,3.5,28.2,28.56,27.95,199.87,180.33,12.267,25.146,32.35,66.31,400,1999,9,101.2,1.57,0.0587,1,0.1,111115,,,,,,,,,,,,,,,,,,,,,,,,,,,
10,09:23:07,3957,4.98,1.14,82.4,11.9,1.35,21,4.5,1,3.5,28.22,28.59,27.95,100.04,93.18,12.41,25.441,32.69,67.02,400.1,1999,9,101.3,1.68,0.0449,1,0.1,111115,,,,,,,,,,,,,,,,,,,,,,,,,,,
11,09:26:38,4168,-0.723,1.15,49.9,11.9,1.35,21,4.5,1,3.5,28.24,28.64,27.95,49.55,49.7,12.543,25.587,33,67.32,400,1999,8,101.2,1.66,0.0306,1,0.1,111115,,,,,,,,,,,,,,,,,,,,,,,,,,,
12,09:30:09,4379,-3.98,1.16,30,12,1.34,21,4.5,1,3.5,28.26,28.72,27.94,19.38,23.54,12.665,25.795,33.28,67.77,400,2000,7,101.2,1.55,0.0197,1,0.2,111115,,,,,,,,,,,,,,,,,,,,,,,,,,,
09:30:32 R2,,,,,,,,,,,,,,,,,,,,,,,,,,,,,,,,,,,,,,,,,,,,,,,,,,,,,,,,
13,09:58:41,6091,37.3,0.411,1.74E+03,5.82,1.55,21,4.5,1,3.5,27.27,29.18,26.97,2001.65,1946.99,18.456,24.839,51.4,69.17,399.9,2000,9,101.2,-18.6,0.274,1,0,111115,,,,,,,,,,,,,,,,,,,,,,,,,,,
14,10:02:12,6302,37.5,0.442,1.75E+03,6.24,1.56,21,4.5,1,3.5,27.3,29.24,26.97,2000.63,1944.78,18.041,24.891,50.14,69.18,400,1999,9,101.2,-18.7,0.269,1,0,111115,,,,,,,,,,,,,,,,,,,,,,,,,,,
15,10:05:48,6518,36.5,0.455,1.27E+03,6.66,1.62,21,4.5,1,3.5,27.35,29.37,26.97,1499.22,1447.32,17.294,24.6,47.93,68.17,400,2000,10,101.2,-10.8,0.236,1,0,111115,,,,,,,,,,,,,,,,,,,,,,,,,,,
16,10:09:29,6739,36.2,0.435,976,6.42,1.63,21,4.5,1,3.5,27.31,29.27,26.97,1199.92,1150.86,17.235,24.287,47.87,67.46,400,2001,10,101.2,-6.97,0.218,1,0.1,111115,,,,,,,,,,,,,,,,,,,,,,,,,,,
17,10:13:00,6950,35.7,0.443,788,6.4,1.59,21,4.5,1,3.5,27.28,29.1,26.97,1000.57,953.54,17.191,24.216,47.84,67.4,400,2001,8,101.2,-4.73,0.202,1,0,111115,,,,,,,,,,,,,,,,,,,,,,,,,,,
18,10:16:31,7161,34.5,0.485,610,6.62,1.52,21,4.5,1,3.5,27.25,28.91,26.97,798.71,754.27,17.199,24.468,47.92,68.18,400,2001,8,101.2,-2.61,0.181,1,0.1,111115,,,,,,,,,,,,,,,,,,,,,,,,,,,
19,10:20:02,7372,32.4,0.581,445,7.14,1.4,21,4.5,1,3.5,27.24,28.67,26.97,599.34,558.42,17.267,25.098,48.16,70.01,399.9,2000,6,101.2,-0.928,0.14,1,0.1,111115,,,,,,,,,,,,,,,,,,,,,,,,,,,
20,10:23:33,7583,26.5,0.789,295,8.71,1.33,21,4.5,1,3.5,27.21,28.2,26.97,399.76,366.38,15.288,24.839,42.71,69.39,400,2000,6,101.2,0.602,0.11,1,0.1,111115,,,,,,,,,,,,,,,,,,,,,,,,,,,
21,10:27:04,7794,13.4,0.941,150,9.93,1.31,21,4.5,1,3.5,27.19,27.86,26.97,198.93,181.79,13.305,24.205,37.21,67.7,400,2001,7,101.2,1.52,0.0669,1,0.1,111115,,,,,,,,,,,,,,,,,,,,,,,,,,,
22,10:30:35,8005,4.41,0.974,83.3,10.1,1.3,21,4.5,1,3.5,27.18,27.8,26.97,100.14,94.11,13.113,24.199,36.7,67.73,400,2001,7,101.2,1.61,0.0467,1,0.1,111115,,,,,,,,,,,,,,,,,,,,,,,,,,,
23,10:34:13,8224,-0.497,0.993,49.4,10.2,1.29,21,4.5,1,3.5,27.17,27.7,26.97,49.41,49.41,12.893,24.078,36.1,67.43,400,2001,8,101.2,1.61,0.0326,1,0.2,111115,,,,,,,,,,,,,,,,,,,,,,,,,,,
24,10:37:44,8434,-3.66,1.01,29.8,10.2,1.29,21,4.5,1,3.5,27.17,27.65,26.97,19.2,23.06,12.786,24.03,35.81,67.3,400,2001,10,101.2,1.56,0.0251,1,0.3,111115,,,,,,,,,,,,,,,,,,,,,,,,,,,
,,,,,,,,,,,,,,,,,,,,,,,,,,,,,,,,,,,,,,,,,,,,,,,,,,,,,,,,
,,,,,,,,,,,,,,,,,,,,,,,,,,,,,,,,,,,,,,,,,,,,,,,,,,,,,,,,
 IR64-A009-07-33-05-09_Wildtype,,,,,,,,,,,,,,,,,,,,,,,,,,,,,,,,,,,,,,,,,,,,,,,,,,,,,,,,
OPEN 6.1.4,,,,,,,,,,,,,,,,,,,,,,,,,,,,,,,,,,,,,,,,,,,,,,,,,,,,,,,,
Wed Nov 11 2015 08:04:53,,,,,,,,,,,,,,,,,,,,,,,,,,,,,,,,,,,,,,,,,,,,,,,,,,,,,,,,
Unit=,PSC-3070,,,,,,,,,,,,,,,,,,,,,,,,,,,,,,,,,,,,,,,,,,,,,,,,,,,,,,,
LightSource=,6400-02 or -02B LED Source,,,,,,,,,,,,,,,,,,,,,,,,,,,,,,,,,,,,,,,,,,,,,,,,,,,,,,,
Config=,/User/Configs/UserPrefs/Tan'sConfig.xml,,,,,,,,,,,,,,,,,,,,,,,,,,,,,,,,,,,,,,,,,,,,,,,,,,,,,,,
Remark=,R1,,,,,,,,,,,,,,,,,,,,,,,,,,,,,,,,,,,,,,,,,,,,,,,,,,,,,,,
,,,,,,,,,,,,,,,,,,,,,,,,,,,,,,,,,,,,,,,,,,,,,,,,,,,,,,,,
Obs,HHMMSS,Oxygen%,FTime,EBal?,Photo,Cond,Ci,Trmmol,VpdL,CTleaf,Area,BLC_1,StmRat,BLCond,Tair,Tleaf,TBlk,CO2R,CO2S,H2OR,H2OS,RH_R,RH_S,Flow,PARi,PARo,Press,CsMch,HsMch,StableF,BLCslope,BLCoffst,f_parin,f_parout,alphaK,Status,fda,Trans,Tair_K,Twall_K,R(W/m2),Tl-Ta,SVTleaf,h2o_i,h20diff,CTair,SVTair,CndTotal,vp_kPa,VpdA,CndCO2,Ci_Pa,Ci/Ca,RHsfc,C2sfc,AHs/Cs
in,in,in,in,in,out,out,out,out,out,out,in,out,in,out,in,in,in,in,in,in,in,in,in,in,in,in,in,in,in,in,in,in,in,in,in,in,out,out,out,out,out,out,out,out,out,out,out,out,out,out,out,out,out,out,out,out
Remark=,"""08:41:35 Launched AutoProg /User/Configs/AutoProgs/A-CiCurve""
",,,,,,,,,,,,,,,,,,,,,,,,,,,,,,,,,,,,,,,,,,,,,,,,,,,,,,,
1,08:45:09,21,2505.5,0,40.11052926,0.634918434,1782.726856,7.986790666,1.445371251,28.68992996,4.199999809,1.815217495,1,3.63043499,27.47224808,28.68992996,27.14442444,2000.387329,1942.03894,16.6231842,24.79384804,45.63923264,68.0719223,400.3692017,1998.963501,13.06384754,101.0251999,-2.314538002,0.060896248,1,-0.219565243,2.737391472,1,0,0.159999996,111115,0.953260047,0.007986791,301.83993,300.6222481,319.834153,-0.444364903,3.950174705,39.10088483,14.30703679,28.08108902,3.812815724,0.540407762,2.504803454,1.30801227,0.345140119,180.100337,0.917966586,67.82876154,1927.123589,0.01411766
2,08:48:41,21,2717,0,40.34016256,0.601949026,1775.415398,7.894794089,1.494912245,28.8952713,4.199999809,1.815217495,1,3.63043499,27.52304268,28.8952713,27.14321327,2000.809326,1942.410522,16.6968174,24.77269363,45.7032547,67.80889893,400.4112549,1998.450928,10.71587849,101.0205917,-2.195519447,0.063276619,0.666666687,-0.219565243,2.737391472,1,0,0.159999996,111115,0.953360174,0.007894794,302.0452713,300.6730427,319.7521413,-0.423972646,3.997464415,39.57078796,14.79809433,28.20915699,3.841357519,0.51633708,2.50255217,1.338805349,0.32944613,179.353514,0.914026864,66.85588761,1927.40978,0.013992755
3,08:52:16,21,2932.5,0,40.01017742,0.544039433,1279.906769,7.564176718,1.563019703,29.08514595,4.199999809,1.815217495,1,3.63043499,27.55988693,29.08514595,27.14302826,1500.342041,1446.89563,16.79483414,24.53423882,45.87531281,67.01560211,400.4196777,1999.04187,11.4076786,101.0266113,0.152136803,0.066965431,0.666666687,-0.219565243,2.737391472,1,0,0.159999996,111115,0.953380228,0.007564177,302.235146,300.7098869,319.8466921,-0.301736285,4.041630712,40.00560505,15.47136623,28.32251644,3.866776631,0.473137357,2.478611009,1.388165622,0.301356538,129.3046437,0.884588178,65.2455481,1432.017595,0.018229427
4,08:55:48,21,3144,0,40.03852938,0.466807503,968.1618112,7.039277791,1.663747123,29.31940842,4.199999809,1.815217495,1,3.63043499,27.59216309,29.31940842,27.14204597,1199.340454,1148.855347,16.87608719,24.08264542,46.00981522,65.65727997,400.3709106,1998.521973,10.65842247,101.0254745,0.960608482,0.058557838,1,-0.219565243,2.737391472,1,0,0.159999996,111115,0.953264116,0.007039278,302.4694084,300.7421631,319.7635085,-0.105386418,4.096707805,40.55123545,16.46859003,28.45578575,3.896847758,0.413623137,2.432960682,1.463887077,0.26281884,97.80900642,0.842718636,62.81342451,1133.966769,0.022178403
5,08:59:20,21,3356,0,39.22122371,0.406952559,759.9464361,6.550897568,1.749668548,29.57936478,4.199999809,1.815217495,1,3.63043499,27.61955833,29.57936478,27.14282799,1000.820313,953.130127,17.13827324,23.84592056,46.64744949,64.90451813,400.4038391,1999.304443,11.53803444,101.0203018,1.244849205,0.056530327,1,-0.219565243,2.737391472,1,0,0.159999996,111115,0.953342517,0.006550898,302.7293648,300.7695583,319.8887038,0.07401468,4.15859064,41.16589008,17.31996952,28.59946156,3.929495325,0.365933364,2.408922092,1.520573232,0.232070927,76.77001834,0.797316562,60.89615027,938.5454691,0.025448117
6,09:02:52,21,3568.5,0,37.17045839,0.412318545,579.8602793,6.350527357,1.675327566,29.69603729,4.199999809,1.815217495,1,3.63043499,27.64208984,29.69603729,27.14100647,800.2134399,756.1900635,18.36208344,24.85731697,49.91679001,67.57389832,400.4353943,1998.485596,11.36359119,101.0286407,1.538550377,0.066385597,1,-0.219565243,2.737391472,1,0,0.159999996,111115,0.953417649,0.006350527,302.8460373,300.7920898,319.7576882,0.14595099,4.186628513,41.44001623,16.58269926,28.66906357,3.945396637,0.370266369,2.511300946,1.434095691,0.234859758,58.58249584,0.766818168,62.83304293,742.3679956,0.031460583
7,09:06:28,21,3784,0,33.43013196,0.509711596,430.0085828,7.520198873,1.644229358,29.47948456,4.199999809,1.815217495,1,3.63043499,27.65759277,29.47948456,27.14118576,600.1504517,560.6607666,16.95544815,24.64941216,46.05470276,66.95319366,400.3955078,1999.551392,10.79197502,101.0364456,1.535559654,0.051462501,1,-0.219565243,2.737391472,1,0,0.159999996,111115,0.953322681,0.007520199,302.6294846,300.8075928,319.9282155,-0.316179804,4.134718349,40.92303845,16.27362629,28.56853867,3.922448617,0.446958767,2.490488991,1.431959626,0.284382137,43.44653879,0.766967493,63.94737093,548.2295626,0.038994049
8,09:10:03,21,3999.5,0,26.37565205,0.668435798,287.3465082,8.813716656,1.526069599,29.17855263,4.199999809,1.815217495,1,3.63043499,27.66832352,29.17855263,27.14058113,399.5171509,368.441925,16.09914589,25.11275673,43.70379639,68.17273712,400.3722229,1998.850708,10.94468784,101.0420303,1.333441734,0.043403953,1,-0.219565243,2.737391472,1,0,0.159999996,111115,0.953267241,0.008813717,302.3285526,300.8183235,319.8161061,-0.824237887,4.063513526,40.2160716,15.10331487,28.42343807,3.889530086,0.564500035,2.537443927,1.352086159,0.360878825,29.0340746,0.779896338,67.21314658,358.6339736,0.049431752
9,09:13:34,21,4210,0,13.246976,0.858578355,150.319796,10.85225709,1.528755263,28.86159897,4.199999809,1.815217495,1,3.63043499,27.68494225,28.86159897,27.14091301,200.0616913,184.071106,13.24974442,24.35582733,35.93310547,66.05263519,400.405365,1998.673218,11.20659161,101.040329,0.586417198,0.0115951,1,-0.219565243,2.737391472,1,0,0.159999996,111115,0.95334615,0.010852257,302.011599,300.8349422,319.7877077,-1.641899195,3.989676069,39.48597663,15.1301493,28.27327061,3.855716043,0.694364811,2.460920806,1.394795237,0.446247095,15.18836164,0.816639826,67.9891465,179.1451349,0.050274912
10,09:17:05,21,4421.5,0,4.236927862,0.927272051,83.04536223,11.18339304,1.480694751,28.8604908,4.199999809,1.815217495,1,3.63043499,27.69729805,28.8604908,27.14263725,99.58519745,94.0372467,13.3877449,24.82832146,36.28207779,67.28713989,400.3649292,1999.536865,9.717484474,101.0428848,0.075507164,0.010832161,1,-0.219565243,2.737391472,1,0,0.159999996,111115,0.953249875,0.011183393,302.0104908,300.847298,319.9258913,-1.777932859,3.989419977,39.48244335,14.6541219,28.27889442,3.856977752,0.738617219,2.508725225,1.348252526,0.475543578,8.391142971,0.883111375,69.45343378,92.46171853,0.031826057
11,09:20:37,21,4633,0,-0.702251896,0.98121951,51.47423485,11.39192909,1.441906142,28.84958458,4.199999809,1.815217495,1,3.63043499,27.71100044,28.84958458,27.14080048,51.1145401,51.23889542,13.5393095,25.1888752,36.661129,68.20529175,400.3660889,1999.179688,9.084300041,101.036438,-0.276303291,0.014070839,1,-0.219565243,2.737391472,1,0,0.159999996,111115,0.953252636,0.011391929,301.9995846,300.8610004,319.8687429,-1.8631808,3.986900369,39.460025,14.2711498,28.28029251,3.85729147,0.772445907,2.544994227,1.312297243,0.498010655,5.200773338,1.004592984,70.57789493,51.50003218,-0.009623967
12,09:24:09,21,4845.5,0,-3.452206108,0.984225001,30.66700161,12.16311753,1.536774122,28.78046989,4.199999809,1.815217495,1,3.63043499,27.72228813,28.78046989,27.13759232,21.11351776,24.4232769,11.64102554,24.09278679,31.49951172,65.19280243,400.3795776,1999.550781,10.63093567,101.0340271,-0.564961433,-0.003820091,1,-0.219565243,2.737391472,1,0,0.159999996,111115,0.953284752,0.012163118,301.9304699,300.8722881,319.9281178,-2.177099913,3.970965395,39.30324772,15.21046093,28.25137901,3.85080807,0.774307292,2.434191273,1.416616797,0.499248684,3.098410672,1.255646478,68.55713785,25.70700137,-0.092065724
Remark=,"""09:24:27 R2""
",,,,,,,,,,,,,,,,,,,,,,,,,,,,,,,,,,,,,,,,,,,,,,,,,,,,,,,
Remark=,"""09:51:02 Launched AutoProg /User/Configs/AutoProgs/A-CiCurve""
",,,,,,,,,,,,,,,,,,,,,,,,,,,,,,,,,,,,,,,,,,,,,,,,,,,,,,,
13,09:54:35,21,6671,0,41.32072711,0.454117679,1738.222074,6.721088541,1.619952257,29.63796616,3.900000095,1.881087005,1,3.76217401,27.64234924,29.63796616,27.14107513,1999.991455,1946.998779,18.88632202,25.26732254,51.34067917,68.68682861,400.4063721,1998.697266,10.22043419,101.0277405,-1.514668465,0.114466041,0.666666687,-0.219565243,2.737391472,1,0,0.159999996,111115,1.02668298,0.006721089,302.7879662,300.7923492,319.7915554,-0.002259799,4.172652761,41.30204973,16.03472718,28.6401577,3.938785987,0.405206721,2.552700504,1.386085482,0.257236912,175.6086486,0.892769987,64.16564414,1932.171453,0.013722235
14,09:58:06,21,6882.5,0,42.07174272,0.452131646,1732.405862,6.890775101,1.666876938,29.8591671,3.900000095,1.881087005,1,3.76217401,27.68734932,29.8591671,27.1420536,2000.11731,1946.074585,18.78950882,25.33153725,50.94418716,68.68164825,400.3844299,1998.707886,12.08614731,101.0293961,-1.517720222,0.118393272,1,-0.219565243,2.737391472,1,0,0.159999996,111115,1.026626718,0.006890775,303.0091671,300.8373493,319.7932546,-0.090618785,4.226106847,41.83046729,16.49893004,28.77325821,3.969305885,0.403624717,2.559229909,1.410075976,0.25621688,175.023918,0.890205275,63.56569797,1930.977768,0.013849562
15,10:01:38,21,7094,0,41.08754403,0.463201054,1256.882865,6.965884931,1.649067166,29.80247688,3.900000095,1.881087005,1,3.76217401,27.65337181,29.80247688,27.13625717,1499.624268,1449.766724,18.76045609,25.37333298,50.96315384,68.9271698,400.3951111,1999.979736,9.497907639,101.0227432,0.743510246,0.11968264,1,-0.219565243,2.737391472,1,0,0.159999996,111115,1.026654106,0.006965885,302.9524769,300.8033718,319.9967507,-0.116648077,4.212350868,41.69705487,16.3237219,28.72792435,3.958887769,0.412423262,2.563283702,1.395604067,0.26189153,126.973755,0.866955245,63.93371783,1435.023072,0.018305486
16,10:05:09,21,7305.5,0,39.85460056,0.45781471,969.1994848,7.301956004,1.748085194,29.71883011,3.900000095,1.881087005,1,3.76217401,27.62081528,29.71883011,27.1384182,1199.916992,1152.897583,17.2513237,24.19159698,46.95549774,65.84587097,400.3979187,2000.654175,7.29449749,101.0284653,1.474345207,0.092880577,1,-0.219565243,2.737391472,1,0,0.159999996,111115,1.026661305,0.007301956,302.8688301,300.7708153,320.1046608,-0.246355242,4.19212511,41.49449463,17.30289765,28.66982269,3.945570376,0.40814768,2.444039916,1.50153046,0.259133495,97.9167365,0.840663992,61.56215873,1138.596354,0.021548771
17,10:08:41,21,7517,0,38.97041753,0.487628767,790.5161073,7.443013562,1.684856803,29.5198822,3.900000095,1.881087005,1,3.76217401,27.60146904,29.5198822,27.13780785,1001.164063,956.2735596,17.27363586,24.34675789,47.06536102,66.33745575,400.4034119,2001.042725,5.870108128,101.0197144,1.735209465,0.089687675,1,-0.219565243,2.737391472,1,0,0.159999996,111115,1.02667539,0.007443014,302.6698822,300.751469,320.1668288,-0.283282763,4.144359331,41.02525291,16.67849502,28.56067562,3.920658545,0.431677509,2.459502527,1.461156018,0.274323154,79.85771135,0.826663144,62.79440754,942.2896068,0.025969981
18,10:12:13,21,7729.5,0,37.21231071,0.549999368,618.8940385,7.797626087,1.588127888,29.26373482,3.900000095,1.881087005,1,3.76217401,27.58267403,29.26373482,27.13815689,800.279541,758.2741699,17.29492188,24.70247459,47.17507935,67.38053894,400.3956909,2000.637695,5.251331806,101.0195007,1.910014153,0.087463707,1,-0.219565243,2.737391472,1,0,0.159999996,111115,1.026655593,0.007797626,302.4137348,300.732674,320.1020241,-0.401835139,4.083559538,40.42347773,15.72100314,28.42320442,3.889477273,0.479849289,2.49543165,1.394045623,0.305507188,62.52036677,0.816187684,64.92751476,744.9210876,0.032434346
19,10:15:45,21,7941,0,33.66646997,0.632512872,452.4880534,8.478443452,1.530701126,29.02400017,3.900000095,1.881087005,1,3.76217401,27.56009674,29.02400017,27.13860893,599.795105,562.3595581,16.66038132,24.71438789,45.50475311,67.50279236,400.4060059,2001.133301,4.811085224,101.0205231,1.810282707,0.076919883,1,-0.219565243,2.737391472,1,0,0.159999996,111115,1.026682041,0.008478443,302.1740002,300.7100967,320.181321,-0.653885211,4.027361518,39.86676564,15.15237775,28.29204845,3.859930277,0.541477368,2.496660392,1.363269885,0.345573078,45.71057984,0.8046241,66.37705447,550.2788478,0.040609977
20,10:19:17,21,8153.5,0,26.65376557,0.7663749,297.4169655,9.542735035,1.465649385,28.75637817,3.900000095,1.881087005,1,3.76217401,27.54348183,28.75637817,27.140522,399.9940186,370.5842896,15.67957973,24.74559593,42.86685181,67.6526947,400.3491516,2001.238892,5.141490459,101.0189667,1.483592033,0.066265434,1,-0.219565243,2.737391472,1,0,0.159999996,111115,1.026536261,0.009542735,301.9063782,300.6934818,320.1982155,-1.058837989,3.965423915,39.25425141,14.50865548,28.14993,3.828134847,0.636679826,2.499774531,1.328360316,0.40784661,30.04475453,0.802562262,68.27914438,361.0199835,0.05040985
21,10:22:49,21,8365,0,13.56372902,1.002898701,155.1139427,11.23407328,1.387622571,28.50208473,3.900000095,1.881087005,1,3.76217401,27.52684784,28.50208473,27.13939667,200.6822052,185.4408264,14.27326393,24.94317436,39.05986023,68.25888062,400.3787537,2000.557861,4.88596487,101.0184097,0.812327385,0.049511284,1,-0.219565243,2.737391472,1,0,0.159999996,111115,1.026612164,0.011234073,301.6520847,300.6768478,320.0892507,-1.721523057,3.907342379,38.67950792,13.73633355,28.01446629,3.798041177,0.791819906,2.519719808,1.27832137,0.510327332,15.66936382,0.836460588,71.03995425,180.5736847,0.053361413
22,10:26:21,21,8577.5,0,4.449700635,1.094845261,83.77938716,11.98857749,1.383187002,28.29416084,3.900000095,1.881087005,1,3.76217401,27.52123451,28.29416084,27.14032745,99.27616119,93.84624481,13.13307476,24.52375031,35.94952774,67.12953186,400.4049988,2000.182007,4.557478428,101.0130005,0.203158379,0.036362022,1,-0.219565243,2.737391472,1,0,0.159999996,111115,1.026679459,0.011988577,301.4441608,300.6712345,320.0291139,-2.007119444,3.860404603,38.21690856,13.69315826,27.90769768,3.774467862,0.848050657,2.477217602,1.297250261,0.547781657,8.462807276,0.892730309,71.34770865,92.24953614,0.03441491
23,10:29:53,21,8789,0,-0.615871282,1.102058893,49.64155638,12.07551913,1.386113471,28.29236412,3.900000095,1.881087005,1,3.76217401,27.51672935,28.29236412,27.14041328,49.595047,49.6114006,13.01687908,24.49193382,35.63918304,67.05696869,400.3561707,2000.413208,11.49475193,101.0082626,-0.19491291,0.034141868,1,-0.219565243,2.737391472,1,0,0.159999996,111115,1.026554259,0.012075519,301.4423641,300.6667294,320.0661061,-2.042413675,3.860001155,38.21470694,13.72277312,27.90454674,3.773774114,0.852372287,2.473887684,1.29988643,0.550667103,5.014207364,1.00060784,71.3271757,49.83239682,-0.008815221
24,10:33:24,21,9000.5,0,-3.631359241,1.042918271,30.62551152,11.91949685,1.428211316,28.36858559,3.900000095,1.881087005,1,3.76217401,27.51088905,28.36858559,27.14122581,21.0996151,24.35408211,12.916852,24.24587631,35.37601089,66.40335846,400.3782043,2000.481445,13.19643974,101.0042877,-0.4325037,0.033556312,1,-0.219565243,2.737391472,1,0,0.159999996,111115,1.026610755,0.011919497,301.5185856,300.6608891,320.0770241,-1.98765465,3.877148783,38.38598212,14.14010581,27.93973732,3.781528414,0.816558722,2.448937467,1.332590947,0.526784961,3.093307977,1.257510399,70.22615037,25.65714118,-0.099393919
